Workbook

Sheet 대시보드
A1: 보안관제 대시보드 — 탐지/오탐/미탐 & 룰 고도화 현황
B3: 핵심 지표 (KPI) | E3: 공격 유형별 탐지 건수
B4: 총 탐지 건수 | C4: =COUNTIF('탐지·분석 로그'!$A$3:$A$600,"EVT-*") -> 5 | E4: SQL Injection | F4: =COUNTIF('탐지·분석 로그'!$D$3:$D$600,"SQL Injection") -> 1
B5: 정탐(TP) | C5: =COUNTIF('탐지·분석 로그'!$P$3:$P$600,"정탐(TP)") -> 3 | E5: XSS(Cross-Site Scripting) | F5: =COUNTIF('탐지·분석 로그'!$D$3:$D$600,"XSS(Cross-Site Scripting)") -> 1
B6: 오탐(FP) | C6: =COUNTIF('탐지·분석 로그'!$P$3:$P$600,"오탐(FP)") -> 1 | E6: Command Injection | F6: =COUNTIF('탐지·분석 로그'!$D$3:$D$600,"Command Injection") -> 0
B7: 미탐(FN) | C7: =COUNTIF('탐지·분석 로그'!$P$3:$P$600,"미탐(FN)") -> 1 | E7: Path Traversal | F7: =COUNTIF('탐지·분석 로그'!$D$3:$D$600,"Path Traversal") -> 0
B8: 조사중 | C8: =COUNTIF('탐지·분석 로그'!$P$3:$P$600,"조사중") -> 0 | E8: File Upload | F8: =COUNTIF('탐지·분석 로그'!$D$3:$D$600,"File Upload") -> 0
B9: 오탐률 (FP / (TP+FP)) | C9: =IFERROR(C6/(C5+C6),0) -> 0.25 | E9: 인증 우회(Auth Bypass) | F9: =COUNTIF('탐지·분석 로그'!$D$3:$D$600,"인증 우회(Auth Bypass)") -> 0
B10: 정탐 정확도 (TP / (TP+FP)) | C10: =IFERROR(C5/(C5+C6),0) -> 0.75 | E10: 무차별 대입(Brute Force) | F10: =COUNTIF('탐지·분석 로그'!$D$3:$D$600,"무차별 대입(Brute Force)") -> 0
B11: 룰 고도화 필요(Y) 건수 | C11: =COUNTIF('탐지·분석 로그'!$S$3:$S$600,"Y") -> 4 | E11: 크리덴셜 스터핑(Credential Stuffing) | F11: =COUNTIF('탐지·분석 로그'!$D$3:$D$600,"크리덴셜 스터핑(Credential Stuffing)") -> 1
B12: 등록된 룰 변경 건수 | C12: =COUNTA('룰 고도화 이력'!$A$3:$A$300) -> 4 | E12: 매크로/봇 티켓팅 | F12: =COUNTIF('탐지·분석 로그'!$D$3:$D$600,"매크로/봇 티켓팅") -> 1
E13: 웹 스크래핑(Scraping) | F13: =COUNTIF('탐지·분석 로그'!$D$3:$D$600,"웹 스크래핑(Scraping)") -> 0
B14: 심각도별 분포 | E14: 비정상 예매/매크로 결제 | F14: =COUNTIF('탐지·분석 로그'!$D$3:$D$600,"비정상 예매/매크로 결제") -> 1
B15: Critical | C15: =COUNTIF('탐지·분석 로그'!$O$3:$O$600,"Critical") -> 1 | E15: 쿠폰/포인트 악용 | F15: =COUNTIF('탐지·분석 로그'!$D$3:$D$600,"쿠폰/포인트 악용") -> 0
B16: High | C16: =COUNTIF('탐지·분석 로그'!$O$3:$O$600,"High") -> 3 | E16: API 남용(Rate Abuse) | F16: =COUNTIF('탐지·분석 로그'!$D$3:$D$600,"API 남용(Rate Abuse)") -> 0
B17: Medium | C17: =COUNTIF('탐지·분석 로그'!$O$3:$O$600,"Medium") -> 1 | E17: DDoS/DoS | F17: =COUNTIF('탐지·분석 로그'!$D$3:$D$600,"DDoS/DoS") -> 0
B18: Low | C18: =COUNTIF('탐지·분석 로그'!$O$3:$O$600,"Low") -> 0 | E18: 스캐닝/정찰(Recon) | F18: =COUNTIF('탐지·분석 로그'!$D$3:$D$600,"스캐닝/정찰(Recon)") -> 0
B19: Info | C19: =COUNTIF('탐지·분석 로그'!$O$3:$O$600,"Info") -> 0 | E19: 악성 봇 | F19: =COUNTIF('탐지·분석 로그'!$D$3:$D$600,"악성 봇") -> 0
E20: 기타 | F20: =COUNTIF('탐지·분석 로그'!$D$3:$D$600,"기타") -> 0
B22: 작성 워크플로우
B23: ① 공격 발생 → WAS/WAF/Splunk에서 탐지된 이벤트를 '탐지·분석 로그' 시트에 1건씩 기록
B24: ② 페이로드·로그소스·Splunk SID를 채워 추적 가능하게 (드릴다운 근거 확보)
B25: ③ 분석가가 '판정'을 정탐/오탐/미탐으로 결정하고 '판정 근거' 작성
B26: ④ 오탐/미탐이면 '룰 고도화 필요=Y' → '룰 고도화 이력' 시트에 Before/After 기록
B27: ⑤ 룰 변경 후 검증 결과(오탐률·탐지율 변화)를 기록하고 대시보드로 추세 확인

Sheet 탐지·분석 로그
A1: 티켓팅 플랫폼 보안관제 — 탐지 · 오탐/미탐 분석 · 룰 고도화 추적 로그
A2: 이벤트 ID | B2: 탐지 일시 | C2: 공격 발생 일시 | D2: 공격 유형 | E2: 출발지 IP | F2: 출발지 국가/ASN | G2: 대상 호스트 | H2: 대상 URL/엔드포인트 | I2: HTTP Method | J2: 탐지 솔루션 | K2: 로그 소스 | L2: 탐지 룰/시그니처 ID | M2: Splunk SID/Saved Search | N2: 페이로드/탐지 내용 | O2: 심각도 | P2: 판정 | Q2: 판정 근거 | R2: 조치 내용 | S2: 룰 고도화 필요 | T2: 연관 룰변경 ID | U2: 담당자 | V2: 처리 상태 | W2: 비고
A3: EVT-0001 | B3: 2026-05-29 14:02:11 | C3: 2026-05-29 14:02:09 | D3: SQL Injection | E3: 203.0.113.45 | F3: KR / AS9318 | G3: book.ticket.co.kr | H3: /api/v1/reservation?seat= | I3: GET | J3: WAF | K3: waf_log | L3: WAF-942100 | M3: srch_1716_web_sqli | N3: seat=1 UNION SELECT user,pw FROM members-- | O3: High | P3: 정탐(TP) | Q3: WAF 룰 패턴과 일치, 실제 UNION 기반 SQLi 시도. DB 오류 응답 없음(차단됨) | R3: 출발지 IP 차단, 위협 IP 목록 등록 | S3: N | U3: 김보안 | V3: 조치완료 | W3: 예매 API 대상 인젝션
A4: EVT-0002 | B4: 2026-05-29 19:31:50 | C4: 2026-05-29 19:31:45 | D4: 크리덴셜 스터핑(Credential Stuffing) | E4: 198.51.100.7 | F4: US / AS14618 | G4: auth.ticket.co.kr | H4: /login | I4: POST | J4: Splunk 상관분석 | K4: splunk:auth_idx | L4: ts_login_fail_burst | M4: srch_1716_cred_stuffing | N4: 60초 내 동일 IP 로그인 실패 320건, UA 동일 | O4: High | P4: 정탐(TP) | Q4: 임계치(분당 50회) 초과, 다수 계정 대상 분산 로그인 시도 패턴 | R4: IP 일시 차단, 해당 계정 OTP 강제, Rate limit 강화 | S4: Y | T4: RULE-0002 | U4: 이관제 | V4: 룰 반영완료 | W4: 오픈 직후 대량 시도
A5: EVT-0003 | B5: 2026-05-30 10:00:03 | C5: 2026-05-30 10:00:00 | D5: 매크로/봇 티켓팅 | E5: 192.0.2.88 | F5: KR / AS4766 | G5: book.ticket.co.kr | H5: /api/v1/seat/hold | I5: POST | J5: Anti-Bot | K5: was_access | L5: bot_seat_hold_rate | M5: srch_1717_macro_book | N5: 티켓 오픈 0.3초 내 좌석선점 요청 47회, 헤더 비정상 | O5: Critical | P5: 정탐(TP) | Q5: 사람 불가능한 속도/주기성, 동일 디바이스 핑거프린트 반복 | R5: CAPTCHA 강제, 디바이스 차단, 대기열 정책 적용 | S5: Y | T5: RULE-0003 | U5: 박관제 | V5: 룰 반영완료 | W5: 매크로 의심 봇
A6: EVT-0004 | B6: 2026-05-30 11:15:22 | C6: 2026-05-30 11:15:20 | D6: XSS(Cross-Site Scripting) | E6: 203.0.113.200 | F6: KR / AS9318 | G6: www.ticket.co.kr | H6: /search?q= | I6: GET | J6: WAF | K6: waf_log | L6: WAF-941160 | M6: srch_1718_web_xss | N6: q=<b>공연제목</b> 콘서트 | O6: Medium | P6: 오탐(FP) | Q6: 정상 사용자가 검색어에 HTML 태그 포함 입력. 스크립트 실행 아님 | R6: 무조치(정상), 룰 예외처리 검토 | S6: Y | T6: RULE-0001 | U6: 김보안 | V6: 룰 반영완료 | W6: 검색창 태그 입력 오탐
A7: EVT-0005 | B7: 2026-05-30 22:40:17 | C7: 2026-05-30 22:39:55 | D7: 비정상 예매/매크로 결제 | E7: 198.51.100.250 | F7: SG / AS13335 | G7: pay.ticket.co.kr | H7: /api/v1/payment/confirm | I7: POST | J7: WAS Access Log | K7: was_access | L7: (미탐 — 사후식별) | M7: srch_1719_pay_anomaly | N7: 동일 카드 BIN 5초 간격 결제 12건 (사전 미탐지) | O7: High | P7: 미탐(FN) | Q7: 기존 룰이 결제 빈도 패턴 미감지. 사후 로그 분석으로 발견 | R7: 결제 속도 임계 룰 신규 필요, 카드 BIN 단위 모니터링 | S7: Y | T7: RULE-0004 | U7: 이관제 | V7: 분석중 | W7: 룰 공백 구간 → 신규 룰
A8: ↑ 위 노란색 5건은 작성 예시입니다. 실제 운영 시 행을 삭제(또는 덮어쓰기)하고 아래로 데이터를 입력하세요. 드롭다운은 빈 행에도 미리 적용되어 있습니다.

Sheet 룰 고도화 이력
A1: 룰 고도화 이력 — 오탐/미탐 분석 결과에 따른 탐지 룰 변경 기록 (WAF / IPS / Splunk 상관분석)
A2: 룰변경 ID | B2: 등록일자 | C2: 연관 이벤트 ID | D2: 룰 종류 | E2: 대상 룰명/룰 ID | F2: 변경 유형 | G2: 변경 사유 | H2: 변경 전 (Before) | I2: 변경 후 (After) | J2: 기대 효과 | K2: 검증 결과 | L2: 적용 상태 | M2: 담당자 | N2: 비고
A3: RULE-0001 | B3: 2026-05-30 | C3: EVT-0004 | D3: WAF 룰 | E3: WAF-941160 (XSS) | F3: 예외처리(화이트리스트) | G3: 오탐 감소 | H3: /search 파라미터 q에서 모든 < > 태그 차단 | I3: 검색 엔드포인트는 출력 시 인코딩 처리 → 입력단 차단 완화, 스크립트 컨텍스트만 차단 | J3: 검색창 정상 입력 오탐 제거 | K3: 오탐 일 12건 → 0건, 실제 XSS 차단 유지 | L3: 운영 적용 | M3: 김보안 | N3: WAF 예외 + 출력 인코딩 병행
A4: RULE-0002 | B4: 2026-05-29 | C4: EVT-0002 | D4: Splunk 상관분석룰 | E4: ts_login_fail_burst | F4: 임계값(Threshold) 조정 | G4: 미탐 보완 | H4: 분당 동일 IP 로그인 실패 ≥ 100 | I4: 분당 ≥ 50 또는 5분간 다중계정(≥20) 실패 시 알람 | J4: 분산 크리덴셜 스터핑 탐지 강화 | K4: 테스트 환경 탐지율 71%→96%, 오탐 소폭 증가 | L4: 모니터링중 | M4: 이관제 | N4: 대기열 오픈 시간대 별도 임계 검토
A5: RULE-0003 | B5: 2026-05-30 | C5: EVT-0003 | D5: Anti-Bot 정책 | E5: bot_seat_hold_rate | F5: 신규 생성 | G5: 신규 위협 대응 | H5: (없음) | I5: 좌석 hold 요청 간격 <0.5s & 디바이스FP 반복 → CAPTCHA/차단 | J5: 매크로 좌석선점 차단 | K5: 스테이징 차단율 98%, 정상 사용자 영향 미미 | L5: 테스트(스테이징) | M5: 박관제 | N5: 대기열 시스템과 연동 필요
A6: RULE-0004 | B6: 2026-05-30 | C6: EVT-0005 | D6: Splunk 상관분석룰 | E6: pay_velocity_anomaly | F6: 신규 생성 | G6: 미탐 보완 | H6: (미탐 — 룰 부재) | I6: 동일 카드BIN/디바이스 결제 간격·횟수 임계 초과 시 알람 | J6: 결제 매크로 미탐 구간 제거 | K6: 설계 단계, 결제 로그 인덱스 연동 예정 | L6: 검토중 | M6: 이관제 | N6: PG 로그 수집 범위 확인

Sheet 목록(드롭다운)
A1: 드롭다운 원본 목록 (이 시트는 수정/삭제하지 마세요)
A2: 공격유형 | B2: HTTP Method | C2: 탐지 솔루션 | D2: 심각도 | E2: 판정 | F2: Y/N | G2: 처리 상태 | H2: 룰 종류 | I2: 변경 유형 | J2: 변경 사유 | K2: 적용 상태
A3: SQL Injection | B3: GET | C3: WAF | D3: Critical | E3: 정탐(TP) | F3: Y | G3: 신규 | H3: WAF 룰 | I3: 신규 생성 | J3: 오탐 감소 | K3: 검토중
A4: XSS(Cross-Site Scripting) | B4: POST | C4: IPS/IDS | D4: High | E4: 오탐(FP) | F4: N | G4: 분석중 | H4: IPS 시그니처 | I4: 로직 수정 | J4: 미탐 보완 | K4: 테스트(스테이징)
A5: Command Injection | B5: PUT | C5: WAS Access Log | D5: Medium | E5: 미탐(FN) | G5: 조치완료 | H5: Splunk 상관분석룰 | I5: 임계값(Threshold) 조정 | J5: 탐지정확도 향상 | K5: 운영 적용
A6: Path Traversal | B6: DELETE | C6: Web Server Log | D6: Low | E6: 조사중 | G6: 룰 반영완료 | H6: SIEM 알람 | I6: 예외처리(화이트리스트) | J6: 신규 위협 대응 | K6: 모니터링중
A7: File Upload | B7: PATCH | C7: Splunk 상관분석 | D7: Info | G7: 보류 | H7: Anti-Bot 정책 | I7: 정규식 보완 | J7: 성능 개선 | K7: 롤백
A8: 인증 우회(Auth Bypass) | B8: HEAD | C8: EDR | H8: 방화벽 정책 | I8: 비활성화
A9: 무차별 대입(Brute Force) | B9: OPTIONS | C9: Anti-Bot | I9: 롤백
A10: 크리덴셜 스터핑(Credential Stuffing) | C10: 기타
A11: 매크로/봇 티켓팅
A12: 웹 스크래핑(Scraping)
A13: 비정상 예매/매크로 결제
A14: 쿠폰/포인트 악용
A15: API 남용(Rate Abuse)
A16: DDoS/DoS
A17: 스캐닝/정찰(Recon)
A18: 악성 봇
A19: 기타
